name,category,url
Magic Time Machine,Restaurants,https://www.magictimemachine.com/
Hat Creek Burger Company,Restaurants,https://hatcreekburgers.com/restaurants/walnut-hill
Dallas Grilled Cheese Co.,Restaurants,https://dallasgrilledcheese.co/
Cenzo's Pizza & Deli,Restaurants,https://www.cenzospizzaanddeli.com/
Elite Arborist,Home & Garden,https://elitearborist.com/
Carlos Tree Service,Home & Garden,https://carlostreeservices.com/
Albert's Tree Service,Home & Garden,https://albertstreeservice.com/
Felix Tree Service,Home & Garden,https://felixstreeservice.com/
Care Green Dallas Tree Service,Home & Garden,https://cgdallastreeservice.com/
Taylor Auto Repair,Auto Services,https://taylorautorepairdallas.com/
Rallye Auto Service,Auto Services,https://www.rallyeautoservice.com/
Dennis Road Automotive,Auto Services,https://www.dennisroadautomotive.com/
Starkey Service Center,Auto Services,https://starkeyservicecenter.net/
Hinga's Auto,Auto Services,https://www.hingasauto.com/
Pure Spa and Salon,Health Services,https://www.purespaandsalon.com/
Vivian's Boutique Spa,Health Services,https://www.viviansdallas.com/
Riviera Spa,Health Services,https://rivieraspa.com/
11Max Indoor Fun Park,Travel & Activities,https://www.11max.world/
Urban Air Adventure Park (North Dallas),Travel & Activities,https://www.urbanair.com/texas-north-dallas/
Pump It Up (South Dallas),Travel & Activities,https://www.pumpitupparty.com/south-dallas-tx/
Legend's Fit,Gyms,https://www.legends.fit/
Strong Fitness & Performance,Gyms,https://strong.fitness/
SWEAT Dallas,Gyms,https://sweatdallas.com/
Dallas Pet Den,Pet Grooming,https://www.dallaspetden.com/services/grooming/
Odyssey Pets,Pet Grooming,https://odysseypets.com/grooming/
The Paw Spa Dallas,Pet Grooming,https://www.pawspadallas.com/
Fur Bebe Dallas,Pet Grooming,https://www.furbebedallas.com/
Poochies Dallas,Pet Grooming,https://poochiesdallas.com/services
